Phase,Milestone,Task,Start Date,End Date,Duration (Days),Duration (Weeks),Status,Progress %,Owner,Key Deliverables,Dependencies,Budget,Team Size,Priority
Phase 1,MCP Foundation,Project Setup & Core Models,2024-09-16,2024-09-27,12,1.7,Complete,100%,Backend Team,"Project structure, Database schema, Core entities",None,$10000,2,High
Phase 1,MCP Foundation,OpenAI Integration & Services,2024-09-23,2024-10-04,12,1.7,Complete,100%,AI Team,"OpenAI config, Service layer, Repositories",Project Setup,$10000,2,High
Phase 1,Email Processing,Email Parsing Service,2024-09-30,2024-10-11,12,1.7,Complete,100%,Backend Team,"DocumentParsingService, Email parser",OpenAI Integration,$10000,2,High
Phase 1,Email Processing,AI Extraction Service,2024-10-07,2024-10-13,7,1,Complete,100%,AI Team,"AdverseEventExtractionService, Prompt engineering",Email Parsing,$11000,2,High
Phase 1,MCP Integration,MCP Server & Tools,2024-10-07,2024-10-13,7,1,Complete,100%,Backend Team,"McpServer, 8 MCP tools, REST API",AI Extraction,$0,2,High
Phase 1,MCP Integration,API Documentation & Testing,2024-10-14,2024-10-14,1,0.1,Complete,100%,QA Team,"Swagger docs, Unit tests, Integration tests",MCP Server,$0,2,Medium
Phase 1,Phase 1 Review,Phase 1 Demo & Review,2024-10-14,2024-10-14,1,0.1,Complete,100%,Project Lead,Phase 1 completion report,All Phase 1,$0,4,High
Phase 2,Workflow Core,Workflow State Machine Design,2024-10-21,2024-10-25,5,0.7,Planned,0%,Backend Team,"State diagram, Transition rules, Database schema",Phase 1 Complete,$5000,3,High
Phase 2,Workflow Core,Workflow Service Implementation,2024-10-21,2024-11-01,12,1.7,Planned,0%,Backend Team,"WorkflowService, Workflow entity, WorkflowHistory",State Machine Design,$10000,3,High
Phase 2,Workflow Core,State Transition Validation,2024-10-28,2024-11-01,5,0.7,Planned,0%,Backend Team,"Validation logic, Error handling, Unit tests",Workflow Service,$5000,3,High
Phase 2,Automation,Async Processing Setup,2024-10-28,2024-11-01,5,0.7,Planned,0%,Backend Team,"CompletableFuture config, Thread pool setup",Workflow Service,$0,3,High
Phase 2,Automation,Enhanced Pharmacovigilance Agent,2024-10-28,2024-11-08,12,1.7,Planned,0%,Backend Team,"processNewAdverseEvent(), Follow-up actions",Async Setup,$8000,3,High
Phase 2,Automation,Email Notification Service,2024-11-04,2024-11-08,5,0.7,Planned,0%,Backend Team,"EmailNotificationService, Templates",Agent Enhancement,$4000,3,Medium
Phase 2,Scheduling,Scheduled Tasks Implementation,2024-11-04,2024-11-08,5,0.7,Planned,0%,Backend Team,"Pending processor (5 min), Daily pattern analysis",Notification Service,$0,3,Medium
Phase 2,Workflow API,Workflow REST Controllers,2024-11-04,2024-11-08,5,0.7,Planned,0%,Backend Team,"WorkflowController, 8 endpoints",Workflow Service,$0,3,High
Phase 2,Workflow API,MCP Workflow Tools,2024-11-04,2024-11-08,5,0.7,Planned,0%,Backend Team,"4 new MCP tools for workflow",Workflow Controller,$0,3,High
Phase 2,Testing & Docs,Integration Testing,2024-11-08,2024-11-11,4,0.6,Planned,0%,QA Team,"End-to-end tests, Performance tests",All Phase 2,$0,1,High
Phase 2,Testing & Docs,API Documentation Update,2024-11-11,2024-11-11,1,0.1,Planned,0%,Backend Team,"Swagger updates, Usage examples",Integration Tests,$0,3,Medium
Phase 2,Phase 2 Review,Phase 2 Demo & Review,2024-11-11,2024-11-11,1,0.1,Planned,0%,Project Lead,Phase 2 completion report,All Phase 2,$0,4,High
Phase 3,PDF Processing,PDF Parser Implementation,2024-11-18,2024-11-29,12,1.7,Planned,0%,Backend Team,"PDF parsing with PDFBox, Text extraction",Phase 2 Complete,$8000,3,High
Phase 3,PDF Processing,OCR Integration (Optional),2024-11-25,2024-12-02,8,1.1,Planned,0%,Backend Team,"Tesseract integration, Image processing",PDF Parser,$5000,2,Low
Phase 3,PDF Processing,MCP PDF Classification Tool,2024-11-25,2024-12-02,8,1.1,Planned,0%,Backend Team,"classify_from_pdf tool, API endpoint",PDF Parser,$2000,3,High
Phase 3,Telephony,Telephony Transcript Processing,2024-12-02,2024-12-09,8,1.1,Planned,0%,Backend Team,"Transcript parser, AI extraction",PDF Complete,$8000,3,High
Phase 3,Telephony,MCP Telephony Tool,2024-12-02,2024-12-09,8,1.1,Planned,0%,Backend Team,"classify_from_telephony_transcript tool",Telephony Processing,$2000,3,High
Phase 3,Multi-Format,Universal Document Parser,2024-12-09,2024-12-16,8,1.1,Planned,0%,Backend Team,"Apache Tika integration, Multi-format support",Telephony Complete,$8000,3,Medium
Phase 3,Multi-Format,MCP Universal Document Tool,2024-12-09,2024-12-16,8,1.1,Planned,0%,Backend Team,"classify_from_document tool",Universal Parser,$2000,3,Medium
Phase 3,Document Management,Document Storage Service,2024-12-16,2024-12-20,5,0.7,Planned,0%,Backend Team,"File upload, Versioning, Batch processing",Multi-Format Complete,$5000,3,Medium
Phase 3,Testing & Optimization,Performance Testing,2024-12-16,2024-12-20,5,0.7,Planned,0%,QA Team,"Load testing, Optimization",Document Storage,$0,1,High
Phase 3,Phase 3 Review,Phase 3 Demo & Review,2024-12-20,2024-12-20,1,0.1,Planned,0%,Project Lead,Phase 3 completion report,All Phase 3,$3000,4,High
Phase 4,Pattern Detection,Pattern Detection Algorithms,2025-01-06,2025-01-17,12,1.7,Planned,0%,AI Team,"Signal detection, Trend analysis",Phase 3 Complete,$10000,2,High
Phase 4,Pattern Detection,Statistical Analysis Service,2025-01-13,2025-01-24,12,1.7,Planned,0%,AI Team,"Risk aggregation, Statistical reports",Pattern Algorithms,$8000,2,High
Phase 4,Analytics API,Dashboard API Endpoints,2025-01-13,2025-01-24,12,1.7,Planned,0%,Backend Team,"Analytics endpoints, Metrics aggregation",Pattern Detection,$5000,3,High
Phase 4,Analytics API,Report Generation Service,2025-01-20,2025-01-31,12,1.7,Planned,0%,Backend Team,"PDF/Excel export, Scheduled reports",Dashboard API,$5000,2,Medium
Phase 4,AI Enhancement,GPT-4 Integration,2025-01-27,2025-01-31,5,0.7,Planned,0%,AI Team,"Model upgrade, Confidence scoring",Report Service,$3000,2,Medium
Phase 4,AI Enhancement,Multi-language Support,2025-01-27,2025-01-31,5,0.7,Planned,0%,AI Team,"Language detection, Translation support",GPT-4 Integration,$2000,2,Low
Phase 4,Phase 4 Review,Phase 4 Demo & Review,2025-01-31,2025-01-31,1,0.1,Planned,0%,Project Lead,Phase 4 completion report,All Phase 4,$0,3,High
Phase 5,Security,Security Audit,2025-02-03,2025-02-07,5,0.7,Planned,0%,Security Team,"Vulnerability scan, Penetration testing",Phase 4 Complete,$5000,1,Critical
Phase 5,Security,OAuth2/JWT Implementation,2025-02-03,2025-02-10,8,1.1,Planned,0%,Backend Team,"Authentication, Authorization, API keys",Security Audit,$5000,2,Critical
Phase 5,Security,Data Encryption,2025-02-07,2025-02-10,4,0.6,Planned,0%,Backend Team,"Encryption at rest, In transit",OAuth2,$2000,2,Critical
Phase 5,Security,HIPAA Compliance Review,2025-02-10,2025-02-14,5,0.7,Planned,0%,Compliance Team,"Compliance documentation, BAA setup",Encryption,$3000,1,Critical
Phase 5,Performance,Database Optimization,2025-02-03,2025-02-07,5,0.7,Planned,0%,Backend Team,"Query optimization, Indexing, Connection pooling",Phase 4 Complete,$0,2,High
Phase 5,Performance,Caching Implementation (Redis),2025-02-07,2025-02-10,4,0.6,Planned,0%,Backend Team,"Redis setup, Cache strategy",Database Optimization,$2000,2,High
Phase 5,Performance,Rate Limiting,2025-02-10,2025-02-10,1,0.1,Planned,0%,Backend Team,"API rate limits, Throttling",Caching,$0,2,Medium
Phase 5,Deployment,Docker Containerization,2025-02-10,2025-02-14,5,0.7,Planned,0%,DevOps Team,"Dockerfile, Docker Compose",Performance Complete,$0,1,High
Phase 5,Deployment,Kubernetes Configuration,2025-02-10,2025-02-14,5,0.7,Planned,0%,DevOps Team,"K8s manifests, Helm charts",Docker,$0,1,High
Phase 5,Deployment,CI/CD Pipeline,2025-02-10,2025-02-14,5,0.7,Planned,0%,DevOps Team,"GitHub Actions, Automated deployment",Kubernetes,$2000,1,High
Phase 5,Monitoring,Prometheus & Grafana Setup,2025-02-10,2025-02-14,5,0.7,Planned,0%,DevOps Team,"Monitoring dashboards, Alerts",CI/CD,$1000,1,High
Phase 5,Monitoring,ELK Stack for Logging,2025-02-10,2025-02-14,5,0.7,Planned,0%,DevOps Team,"Centralized logging, Log analysis",Monitoring,$2000,1,Medium
Phase 5,Production,Production Deployment,2025-02-14,2025-02-17,4,0.6,Planned,0%,DevOps Team,"Go-live, Smoke tests",All Phase 5,$0,4,Critical
Phase 5,Production,Operations Runbook,2025-02-14,2025-02-17,4,0.6,Planned,0%,Tech Lead,"Documentation, Training",Deployment,$0,2,High
Phase 5,Production,User Training,2025-02-17,2025-02-17,1,0.1,Planned,0%,Project Lead,"Training sessions, User guides",Deployment,$2000,3,Medium
Phase 5,Phase 5 Review,Production Launch Review,2025-02-17,2025-02-17,1,0.1,Planned,0%,Project Lead,Project completion report,All Phase 5,$0,4,Critical

